user_id,age,salary,department,years_at_company
,,,Marketing,
2.0,,64773.0,Finance,21.0
3.0,51.0,81168.0,Engineering,
4.0,,57747.0,Sales,29.0
5.0,22.0,106396.0,Marketing,12.0
6.0,52.0,113692.0,Sales,18.0
7.0,45.0,,HR,22.0
8.0,46.0,,Engineering,1.0
,26.0,48135.0,HR,12.0
,69.0,77377.0,HR,10.0
11.0,55.0,53554.0,,29.0
12.0,67.0,92491.0,Engineering,21.0
13.0,,85621.0,Engineering,28.0
14.0,36.0,88283.0,Finance,3.0
15.0,61.0,115140.0,Sales,21.0
16.0,28.0,,,19.0
17.0,19.0,,Finance,19.0
18.0,64.0,92261.0,Finance,14.0
,61.0,84336.0,HR,
20.0,61.0,104083.0,Finance,8.0
21.0,,90948.0,,6.0
22.0,38.0,,Sales,18.0
23.0,41.0,110098.0,Finance,18.0
24.0,51.0,103016.0,,5.0
25.0,39.0,56672.0,Marketing,5.0
,20.0,34213.0,Marketing,
27.0,,,Marketing,14.0
,45.0,85860.0,HR,14.0
29.0,47.0,92507.0,Marketing,
30.0,43.0,87134.0,HR,
31.0,65.0,32100.0,HR,8.0
32.0,,,Marketing,3.0
33.0,45.0,58172.0,Sales,17.0
34.0,43.0,,Marketing,17.0
,50.0,,Marketing,4.0
36.0,38.0,66609.0,Marketing,19.0
37.0,52.0,72965.0,Sales,
38.0,69.0,,Engineering,29.0
39.0,51.0,,Engineering,10.0
40.0,58.0,61881.0,HR,
41.0,68.0,112594.0,HR,21.0
,64.0,,,25.0
,35.0,81813.0,Finance,3.0
44.0,,66021.0,Engineering,28.0
,40.0,84131.0,HR,
46.0,65.0,,Engineering,1.0
47.0,,,Sales,
48.0,34.0,,Sales,9.0
,,31401.0,,8.0
50.0,,115179.0,Finance,9.0
51.0,,,Sales,6.0
52.0,,,HR,3.0
53.0,32.0,50307.0,Engineering,18.0
54.0,44.0,49611.0,Marketing,9.0
55.0,52.0,73791.0,,29.0
,50.0,41950.0,Marketing,2.0
,37.0,,,24.0
,,,Finance,20.0
59.0,51.0,32745.0,Marketing,28.0
60.0,19.0,85243.0,HR,18.0
61.0,,33866.0,Engineering,20.0
62.0,57.0,62245.0,HR,1.0
63.0,45.0,74724.0,Finance,26.0
64.0,64.0,,Sales,19.0
65.0,56.0,81374.0,,9.0
,23.0,60116.0,,1.0
67.0,26.0,111029.0,Finance,
68.0,37.0,50447.0,,27.0
69.0,18.0,,HR,
70.0,25.0,47908.0,Sales,16.0
,,59336.0,Finance,15.0
72.0,20.0,70992.0,Finance,15.0
,21.0,85350.0,,13.0
74.0,42.0,,,6.0
75.0,,81955.0,Sales,
76.0,55.0,91240.0,,10.0
77.0,32.0,50093.0,Finance,23.0
78.0,38.0,,Marketing,0.0
79.0,,,Marketing,10.0
,63.0,63487.0,Engineering,22.0
81.0,,85668.0,,
,31.0,,,
83.0,53.0,80124.0,Sales,6.0
84.0,29.0,82870.0,,
85.0,34.0,86547.0,Sales,14.0
86.0,56.0,94110.0,HR,17.0
,26.0,83554.0,Marketing,11.0
88.0,52.0,50936.0,,16.0
89.0,30.0,34426.0,Sales,0.0
90.0,32.0,118839.0,Sales,
91.0,,57606.0,Sales,27.0
92.0,68.0,77832.0,,0.0
,50.0,58151.0,Marketing,14.0
94.0,23.0,109303.0,Sales,27.0
,44.0,41308.0,Sales,20.0
96.0,40.0,92522.0,Engineering,9.0
,,75671.0,,6.0
98.0,51.0,32204.0,,1.0
99.0,,117265.0,Marketing,9.0
100.0,,61131.0,,23.0
101.0,,,Engineering,
102.0,53.0,63870.0,Finance,11.0
103.0,25.0,79067.0,HR,18.0
104.0,52.0,88585.0,Finance,25.0
105.0,36.0,51607.0,,10.0
106.0,47.0,,,
107.0,31.0,41908.0,Marketing,17.0
108.0,37.0,56423.0,,10.0
,,104707.0,,10.0
,42.0,108257.0,Finance,12.0
111.0,,91215.0,HR,2.0
112.0,41.0,85835.0,,
113.0,31.0,79429.0,Sales,
,43.0,112152.0,,
115.0,55.0,68458.0,,26.0
116.0,,76169.0,HR,
,39.0,,,21.0
118.0,65.0,90614.0,HR,1.0
119.0,,107240.0,Engineering,16.0
120.0,,62793.0,Finance,15.0
121.0,68.0,76473.0,Finance,1.0
,20.0,119388.0,Finance,27.0
,59.0,,Marketing,
124.0,36.0,85751.0,Finance,29.0
125.0,26.0,108915.0,HR,19.0
,45.0,84254.0,,
127.0,37.0,37006.0,Engineering,27.0
128.0,,104218.0,Marketing,24.0
129.0,,,Finance,28.0
130.0,31.0,63840.0,,
131.0,,62430.0,Sales,27.0
132.0,,53091.0,Sales,
133.0,64.0,,Marketing,
134.0,69.0,,,0.0
135.0,31.0,105451.0,Finance,12.0
136.0,55.0,48990.0,Marketing,23.0
137.0,53.0,110360.0,HR,8.0
138.0,57.0,66081.0,HR,21.0
139.0,,41033.0,Marketing,9.0
140.0,,46241.0,Finance,
141.0,26.0,35939.0,,4.0
142.0,50.0,77562.0,Finance,21.0
143.0,,,Sales,15.0
144.0,42.0,,Marketing,
145.0,,57045.0,Finance,
,,,Marketing,24.0
147.0,52.0,77118.0,Marketing,19.0
148.0,58.0,114703.0,Finance,17.0
149.0,,51625.0,Finance,10.0
150.0,47.0,57076.0,Engineering,26.0
151.0,58.0,94805.0,Marketing,
152.0,,,HR,15.0
153.0,21.0,114565.0,Marketing,
154.0,,,,
155.0,25.0,69121.0,Finance,
156.0,19.0,95101.0,Marketing,
157.0,58.0,61433.0,,
158.0,63.0,73309.0,,7.0
159.0,39.0,97468.0,Finance,8.0
160.0,58.0,74254.0,Marketing,11.0
161.0,33.0,97293.0,Sales,
162.0,46.0,67853.0,Engineering,
163.0,66.0,68405.0,HR,9.0
164.0,65.0,96652.0,Marketing,
,47.0,73527.0,Sales,1.0
166.0,29.0,,Marketing,15.0
167.0,,30492.0,,19.0
168.0,28.0,,Finance,
,,54272.0,Finance,
170.0,67.0,102010.0,Finance,1.0
,38.0,77153.0,Sales,
172.0,38.0,,,18.0
173.0,22.0,,Engineering,27.0
174.0,65.0,58328.0,HR,
175.0,37.0,42867.0,Finance,23.0
176.0,,,Finance,21.0
177.0,20.0,,Marketing,26.0
178.0,61.0,,Marketing,1.0
179.0,50.0,103402.0,,
180.0,,45449.0,Sales,13.0
,26.0,106221.0,Finance,
182.0,21.0,,Marketing,
,52.0,35451.0,,14.0
184.0,,,HR,11.0
185.0,51.0,71316.0,Marketing,
186.0,,93064.0,Marketing,27.0
187.0,49.0,93761.0,Sales,
188.0,,,HR,
,25.0,60873.0,Finance,6.0
190.0,62.0,88627.0,Marketing,23.0
,,96155.0,Finance,20.0
192.0,64.0,,,
193.0,57.0,33642.0,,
194.0,,58001.0,HR,13.0
195.0,29.0,64064.0,Sales,4.0
,63.0,,HR,
197.0,,,Engineering,23.0
198.0,32.0,,,13.0
199.0,,85745.0,HR,1.0
200.0,36.0,,Engineering,
201.0,43.0,100902.0,Marketing,11.0
202.0,69.0,38711.0,Marketing,21.0
203.0,46.0,,Finance,23.0
204.0,,48793.0,Sales,
205.0,57.0,,Marketing,3.0
206.0,,106253.0,Sales,12.0
207.0,68.0,,Marketing,3.0
208.0,55.0,,Finance,21.0
,37.0,,HR,
,46.0,118896.0,,
211.0,,86746.0,Engineering,
212.0,21.0,51542.0,,
213.0,,61312.0,Engineering,23.0
,45.0,75242.0,,24.0
215.0,45.0,117893.0,,
,,85388.0,,
217.0,39.0,57691.0,Engineering,3.0
218.0,29.0,107960.0,,19.0
219.0,62.0,114388.0,Engineering,
220.0,20.0,52601.0,HR,
221.0,39.0,,Sales,2.0
222.0,61.0,38155.0,Engineering,22.0
223.0,19.0,99119.0,Finance,12.0
224.0,,111051.0,Sales,26.0
,51.0,66777.0,HR,15.0
,44.0,49710.0,,
227.0,58.0,54532.0,,4.0
228.0,18.0,48601.0,Marketing,3.0
229.0,,,Marketing,20.0
230.0,40.0,34967.0,HR,7.0
,55.0,114289.0,HR,
232.0,,50022.0,Marketing,
233.0,39.0,73463.0,HR,6.0
,42.0,104671.0,Sales,13.0
235.0,35.0,35722.0,,5.0
236.0,34.0,57413.0,Finance,11.0
,29.0,111050.0,Sales,
238.0,23.0,115867.0,Finance,16.0
239.0,43.0,113596.0,Engineering,
240.0,44.0,96732.0,Sales,22.0
241.0,25.0,42297.0,HR,13.0
242.0,36.0,98323.0,Sales,28.0
,59.0,53816.0,Marketing,6.0
244.0,18.0,70695.0,HR,13.0
245.0,46.0,49702.0,Marketing,14.0
246.0,62.0,55242.0,HR,
247.0,66.0,,Finance,
248.0,52.0,97712.0,Sales,
249.0,57.0,115663.0,Engineering,
250.0,31.0,83574.0,HR,14.0
251.0,52.0,115744.0,HR,11.0
252.0,65.0,,Marketing,1.0
253.0,62.0,39171.0,Finance,4.0
254.0,37.0,33696.0,,12.0
255.0,66.0,50058.0,,26.0
,30.0,50313.0,,19.0
257.0,55.0,49149.0,Engineering,22.0
258.0,,83521.0,,
259.0,,75740.0,,26.0
260.0,,34956.0,HR,
261.0,25.0,105731.0,Finance,14.0
262.0,60.0,112612.0,Sales,10.0
263.0,37.0,96641.0,Engineering,0.0
264.0,,93811.0,Engineering,20.0
265.0,43.0,,,2.0
266.0,,81313.0,HR,
267.0,,93232.0,HR,27.0
268.0,66.0,45417.0,Finance,
269.0,59.0,54729.0,HR,13.0
270.0,60.0,,,21.0
,,,Engineering,29.0
272.0,26.0,42602.0,Sales,22.0
,,39256.0,,
274.0,,116120.0,Marketing,12.0
275.0,,64681.0,Marketing,
276.0,,,Sales,19.0
277.0,34.0,,Sales,2.0
278.0,,,HR,
279.0,,,Sales,8.0
280.0,68.0,64540.0,Sales,28.0
281.0,56.0,,,5.0
282.0,,114700.0,HR,24.0
283.0,,93043.0,Sales,21.0
,,108532.0,Sales,1.0
285.0,28.0,86575.0,HR,12.0
,63.0,,Finance,4.0
287.0,36.0,76002.0,HR,27.0
288.0,28.0,79812.0,Marketing,26.0
289.0,,52626.0,Finance,24.0
290.0,63.0,89979.0,Engineering,7.0
291.0,62.0,106057.0,,22.0
292.0,18.0,96668.0,Marketing,0.0
,57.0,110070.0,Finance,19.0
294.0,61.0,,HR,11.0
295.0,36.0,72998.0,Sales,22.0
296.0,29.0,93814.0,HR,10.0
297.0,25.0,,Engineering,6.0
298.0,25.0,,HR,
299.0,,91844.0,Finance,
,29.0,100093.0,Finance,23.0
301.0,65.0,32179.0,,10.0
302.0,,73798.0,Finance,28.0
303.0,62.0,,Sales,21.0
304.0,43.0,38275.0,HR,25.0
,56.0,80574.0,Sales,15.0
306.0,45.0,77857.0,,2.0
307.0,22.0,,Marketing,19.0
308.0,25.0,69464.0,HR,13.0
309.0,,72351.0,,2.0
,,112534.0,,0.0
311.0,63.0,43869.0,Marketing,
312.0,40.0,,HR,20.0
313.0,47.0,,HR,
314.0,,,Engineering,
315.0,64.0,93353.0,Engineering,16.0
316.0,40.0,112190.0,Sales,1.0
,66.0,75026.0,Engineering,28.0
,64.0,76976.0,Sales,19.0
319.0,37.0,110578.0,Finance,5.0
320.0,35.0,75095.0,Sales,
321.0,35.0,,Engineering,
322.0,19.0,,Finance,15.0
323.0,21.0,45523.0,Engineering,18.0
,47.0,92433.0,Sales,
325.0,,,Marketing,
326.0,53.0,49991.0,HR,
,35.0,40775.0,Engineering,2.0
328.0,54.0,,Sales,4.0
329.0,36.0,114995.0,Finance,
330.0,64.0,91250.0,Engineering,11.0
331.0,45.0,46673.0,Engineering,11.0
332.0,57.0,57056.0,HR,19.0
,37.0,36614.0,Sales,12.0
,66.0,,Marketing,19.0
335.0,50.0,,Finance,8.0
,29.0,73884.0,,6.0
337.0,68.0,46964.0,Finance,3.0
338.0,32.0,,Engineering,18.0
339.0,58.0,67044.0,HR,
,56.0,87149.0,HR,
341.0,19.0,67544.0,Marketing,5.0
342.0,46.0,79976.0,HR,26.0
343.0,58.0,62252.0,,12.0
344.0,27.0,33832.0,Marketing,
345.0,19.0,110437.0,Sales,12.0
346.0,68.0,64148.0,,12.0
347.0,28.0,,Marketing,27.0
348.0,30.0,,Engineering,24.0
349.0,,115076.0,Finance,21.0
350.0,31.0,107116.0,Finance,27.0
351.0,,83459.0,,19.0
,,68402.0,Engineering,
,26.0,87727.0,Finance,20.0
354.0,56.0,68578.0,Marketing,12.0
,45.0,52318.0,,21.0
356.0,20.0,105715.0,,10.0
357.0,,107787.0,HR,
,23.0,,Sales,7.0
359.0,44.0,50466.0,HR,19.0
360.0,19.0,75475.0,HR,7.0
361.0,,90142.0,Engineering,9.0
,55.0,115160.0,Finance,25.0
363.0,20.0,56564.0,Marketing,
364.0,33.0,52412.0,HR,18.0
365.0,,81001.0,Finance,25.0
366.0,,87649.0,Marketing,22.0
367.0,19.0,90957.0,HR,
368.0,34.0,65517.0,Marketing,12.0
369.0,,,Finance,
370.0,29.0,53064.0,Sales,8.0
371.0,52.0,55711.0,Finance,19.0
372.0,60.0,,,23.0
373.0,18.0,,Marketing,
374.0,62.0,46589.0,Sales,
375.0,32.0,119272.0,Marketing,6.0
376.0,,116511.0,Marketing,18.0
377.0,54.0,37214.0,HR,
378.0,38.0,115731.0,Engineering,
379.0,66.0,57127.0,Marketing,22.0
380.0,,35141.0,Finance,13.0
,42.0,58884.0,Finance,10.0
382.0,40.0,32708.0,HR,25.0
,41.0,48375.0,Engineering,9.0
,55.0,45088.0,,26.0
385.0,45.0,87615.0,Finance,10.0
386.0,38.0,,Sales,5.0
387.0,,40014.0,HR,
,35.0,94425.0,HR,10.0
,,33273.0,,18.0
,52.0,77135.0,Finance,5.0
391.0,62.0,60881.0,,13.0
392.0,26.0,108077.0,Sales,19.0
393.0,55.0,38712.0,Engineering,5.0
394.0,,,HR,
395.0,61.0,82874.0,HR,9.0
,51.0,99087.0,Finance,27.0
397.0,,,Engineering,
398.0,20.0,57128.0,,2.0
399.0,20.0,98368.0,Engineering,7.0
400.0,45.0,117599.0,Engineering,7.0
401.0,61.0,118499.0,Finance,26.0
402.0,32.0,108958.0,,19.0
403.0,58.0,,Sales,
404.0,40.0,,,14.0
,57.0,41108.0,Marketing,23.0
406.0,28.0,61845.0,,6.0
407.0,65.0,32800.0,Marketing,10.0
408.0,49.0,72712.0,Sales,
409.0,53.0,32610.0,,28.0
410.0,50.0,107603.0,Finance,
,41.0,63872.0,Finance,24.0
,56.0,40728.0,Engineering,11.0
413.0,,50583.0,HR,25.0
414.0,45.0,115774.0,Engineering,5.0
415.0,,37263.0,Finance,13.0
416.0,24.0,,Sales,11.0
417.0,21.0,119285.0,Sales,10.0
418.0,54.0,49456.0,,18.0
419.0,18.0,,,20.0
,18.0,,Sales,4.0
421.0,64.0,62934.0,Finance,
422.0,37.0,,Sales,
423.0,36.0,49873.0,Finance,23.0
424.0,46.0,43050.0,Marketing,
425.0,27.0,96216.0,,
,35.0,114444.0,,12.0
427.0,45.0,114040.0,Engineering,24.0
428.0,52.0,51644.0,Marketing,
,60.0,92021.0,HR,21.0
430.0,64.0,67125.0,,21.0
431.0,48.0,96899.0,HR,24.0
432.0,44.0,72291.0,,
,,,HR,
434.0,66.0,31538.0,,
435.0,,66176.0,HR,10.0
436.0,55.0,71520.0,,16.0
437.0,22.0,55675.0,Engineering,6.0
438.0,25.0,,HR,
,,,Engineering,
440.0,65.0,64998.0,Engineering,10.0
441.0,,83312.0,HR,27.0
442.0,29.0,42112.0,,21.0
443.0,,105225.0,Marketing,8.0
444.0,18.0,,Sales,22.0
445.0,48.0,,Engineering,
446.0,21.0,80719.0,,
,66.0,,,17.0
448.0,62.0,103155.0,,27.0
449.0,67.0,101569.0,Engineering,10.0
450.0,22.0,71328.0,Engineering,14.0
451.0,47.0,100482.0,Marketing,24.0
452.0,41.0,,HR,25.0
453.0,20.0,64675.0,Engineering,24.0
454.0,28.0,48919.0,Marketing,21.0
455.0,62.0,34173.0,,28.0
,21.0,56400.0,Marketing,18.0
457.0,43.0,80445.0,Marketing,
458.0,44.0,100305.0,Marketing,3.0
459.0,,67564.0,Engineering,13.0
460.0,60.0,75814.0,Engineering,
461.0,44.0,109747.0,,2.0
462.0,59.0,118791.0,Finance,29.0
,68.0,57962.0,Finance,27.0
,67.0,114892.0,,16.0
465.0,23.0,115842.0,Sales,2.0
466.0,,,Finance,15.0
,47.0,86184.0,,13.0
468.0,59.0,112912.0,,29.0
469.0,54.0,40578.0,Engineering,19.0
470.0,54.0,48624.0,Engineering,28.0
471.0,59.0,69194.0,,12.0
,54.0,30389.0,Marketing,
473.0,52.0,97391.0,Marketing,
,40.0,,Engineering,23.0
475.0,23.0,88002.0,Finance,24.0
476.0,21.0,65531.0,Marketing,18.0
477.0,,82815.0,Sales,
478.0,26.0,34986.0,Marketing,9.0
479.0,,,,26.0
480.0,46.0,31481.0,Marketing,
481.0,,86408.0,Engineering,20.0
,64.0,,,21.0
483.0,69.0,,HR,
484.0,,,Sales,25.0
485.0,,94887.0,,5.0
,49.0,49477.0,,
487.0,65.0,47266.0,,24.0
,39.0,116328.0,HR,
,21.0,115988.0,Sales,6.0
490.0,22.0,73526.0,Engineering,21.0
491.0,,41889.0,Marketing,
492.0,58.0,,HR,17.0
493.0,,41254.0,Sales,16.0
,30.0,116610.0,Finance,8.0
495.0,51.0,,HR,9.0
,62.0,76289.0,,
,39.0,83747.0,Engineering,24.0
,,67327.0,Engineering,6.0
,68.0,46199.0,HR,15.0
500.0,20.0,102827.0,HR,28.0
501.0,59.0,30112.0,Marketing,17.0
502.0,51.0,117051.0,,5.0
503.0,,49581.0,HR,
504.0,62.0,89722.0,Marketing,19.0
505.0,68.0,46523.0,Marketing,0.0
506.0,,96960.0,HR,0.0
507.0,38.0,49552.0,Engineering,11.0
508.0,63.0,,Sales,20.0
509.0,,102525.0,,
,38.0,53620.0,Engineering,1.0
,61.0,,HR,3.0
512.0,28.0,61802.0,,16.0
513.0,56.0,115024.0,HR,3.0
514.0,21.0,,HR,
515.0,,116741.0,Marketing,21.0
516.0,,56049.0,Engineering,25.0
517.0,,107789.0,HR,3.0
518.0,,114526.0,Finance,0.0
519.0,52.0,,Engineering,
520.0,30.0,76220.0,Sales,29.0
521.0,64.0,76163.0,,
522.0,,33765.0,,
523.0,,111486.0,Sales,
524.0,53.0,75270.0,,
525.0,68.0,105277.0,Sales,7.0
526.0,,118278.0,HR,28.0
527.0,52.0,52931.0,Sales,23.0
528.0,35.0,,,
529.0,57.0,,Marketing,3.0
,39.0,110702.0,Finance,17.0
531.0,41.0,81913.0,Marketing,19.0
532.0,36.0,55991.0,Sales,26.0
533.0,54.0,84845.0,Marketing,10.0
534.0,,,Engineering,26.0
535.0,38.0,40561.0,Marketing,
536.0,,46901.0,,24.0
,,,Engineering,
,22.0,,Finance,27.0
539.0,34.0,92120.0,,27.0
540.0,54.0,31988.0,Sales,28.0
541.0,53.0,,Sales,15.0
542.0,,117728.0,,2.0
543.0,,58230.0,HR,14.0
,,89778.0,HR,26.0
545.0,28.0,75833.0,HR,26.0
,,52625.0,Engineering,3.0
547.0,,,,4.0
,29.0,109650.0,Sales,16.0
,38.0,71167.0,Marketing,6.0
550.0,28.0,,Sales,
,,95303.0,Finance,13.0
552.0,,106361.0,Engineering,25.0
553.0,22.0,118229.0,HR,15.0
554.0,,34117.0,Engineering,6.0
,37.0,90710.0,HR,8.0
,58.0,97054.0,,3.0
,63.0,,Finance,29.0
558.0,29.0,,,29.0
559.0,23.0,111882.0,HR,
560.0,34.0,,Finance,10.0
,68.0,,,1.0
562.0,36.0,91842.0,Sales,11.0
563.0,43.0,,HR,11.0
564.0,65.0,46193.0,Engineering,29.0
565.0,61.0,60109.0,Finance,3.0
566.0,61.0,,Engineering,17.0
567.0,,111730.0,Sales,25.0
568.0,49.0,,Finance,20.0
569.0,23.0,31306.0,,6.0
,53.0,33849.0,Marketing,28.0
571.0,55.0,42360.0,HR,0.0
572.0,28.0,75800.0,HR,25.0
573.0,50.0,66963.0,Marketing,25.0
574.0,41.0,84330.0,,
575.0,40.0,,Finance,25.0
576.0,32.0,48689.0,HR,
,44.0,59084.0,Marketing,5.0
578.0,,70387.0,Marketing,5.0
579.0,68.0,,Sales,11.0
580.0,67.0,,Sales,7.0
,34.0,72137.0,Engineering,23.0
582.0,68.0,109832.0,HR,21.0
583.0,,85561.0,Engineering,18.0
584.0,,92260.0,Marketing,
585.0,35.0,45438.0,Finance,17.0
586.0,45.0,,,29.0
587.0,68.0,32994.0,Sales,4.0
,64.0,31813.0,Finance,29.0
,64.0,114381.0,,24.0
590.0,21.0,,Finance,9.0
591.0,,71243.0,Marketing,0.0
592.0,,92912.0,Finance,9.0
593.0,52.0,90272.0,Finance,4.0
594.0,65.0,,,
,,108854.0,Engineering,21.0
596.0,25.0,,Marketing,29.0
,69.0,95618.0,Sales,26.0
598.0,62.0,31920.0,Engineering,6.0
599.0,,107219.0,HR,8.0
600.0,34.0,106872.0,,21.0
601.0,66.0,111132.0,,
602.0,50.0,32093.0,HR,
603.0,49.0,42905.0,,22.0
,25.0,54351.0,HR,
605.0,36.0,,Sales,
606.0,55.0,103903.0,,10.0
607.0,20.0,100821.0,Marketing,29.0
608.0,22.0,112289.0,Finance,20.0
,,114021.0,Finance,
610.0,64.0,108513.0,,1.0
,63.0,49874.0,Sales,
612.0,,80931.0,Engineering,6.0
613.0,33.0,37674.0,Sales,20.0
614.0,67.0,80516.0,Finance,11.0
,,90686.0,Sales,
616.0,39.0,,HR,
617.0,46.0,32426.0,Engineering,
618.0,,98498.0,HR,
,60.0,59943.0,Engineering,
,,96395.0,Finance,17.0
,,,Engineering,11.0
622.0,59.0,34138.0,Engineering,
623.0,,105945.0,Engineering,4.0
624.0,33.0,34017.0,Sales,25.0
625.0,29.0,40451.0,Sales,0.0
626.0,,92956.0,Finance,11.0
627.0,58.0,40278.0,Engineering,26.0
628.0,41.0,73764.0,Marketing,
629.0,52.0,31134.0,,
630.0,47.0,92943.0,,3.0
631.0,47.0,84318.0,Engineering,26.0
632.0,64.0,,Sales,
633.0,52.0,118056.0,Finance,3.0
,36.0,51869.0,,16.0
635.0,67.0,35039.0,,1.0
636.0,25.0,51281.0,Finance,28.0
637.0,43.0,40442.0,Marketing,23.0
638.0,66.0,,,21.0
639.0,57.0,57586.0,Finance,1.0
640.0,24.0,83053.0,Marketing,11.0
641.0,,80489.0,,5.0
642.0,24.0,113104.0,,
643.0,,116346.0,Finance,24.0
644.0,18.0,97087.0,Marketing,22.0
645.0,53.0,42625.0,HR,24.0
646.0,42.0,,Finance,20.0
647.0,,88671.0,Sales,22.0
648.0,18.0,96897.0,Engineering,26.0
649.0,32.0,56149.0,Engineering,
650.0,54.0,90030.0,Sales,13.0
,30.0,99906.0,,6.0
,57.0,,,27.0
653.0,25.0,37610.0,Sales,27.0
654.0,22.0,73326.0,HR,18.0
655.0,,44924.0,Marketing,22.0
,18.0,106162.0,Sales,
657.0,53.0,,Sales,
658.0,,31014.0,HR,
659.0,19.0,40103.0,Engineering,12.0
660.0,57.0,,Engineering,
661.0,,63458.0,,4.0
662.0,26.0,112409.0,HR,22.0
663.0,,,Marketing,4.0
664.0,63.0,,Marketing,
665.0,31.0,73516.0,HR,
,,59061.0,Marketing,26.0
,47.0,54170.0,Engineering,9.0
668.0,48.0,38024.0,Marketing,26.0
669.0,55.0,112214.0,,6.0
670.0,28.0,115947.0,HR,25.0
671.0,52.0,,HR,14.0
672.0,25.0,49296.0,Marketing,6.0
673.0,20.0,116664.0,Sales,
674.0,31.0,48257.0,,26.0
,30.0,42855.0,Finance,14.0
,62.0,115178.0,Finance,
677.0,49.0,50025.0,Engineering,18.0
678.0,,34458.0,,9.0
,62.0,93610.0,Sales,27.0
680.0,36.0,100843.0,Engineering,28.0
681.0,55.0,,Marketing,14.0
682.0,,79831.0,,
683.0,19.0,,Finance,5.0
684.0,57.0,68506.0,Sales,11.0
685.0,34.0,35668.0,,14.0
686.0,,,,5.0
687.0,59.0,103233.0,Marketing,12.0
688.0,33.0,54417.0,HR,28.0
689.0,,111982.0,HR,18.0
690.0,19.0,40751.0,,2.0
691.0,19.0,76218.0,Sales,7.0
692.0,43.0,37352.0,HR,
693.0,30.0,109052.0,,
,64.0,118835.0,Sales,
695.0,48.0,,Marketing,
696.0,51.0,,Marketing,14.0
697.0,,84122.0,Engineering,
698.0,,,Finance,18.0
,,103539.0,,20.0
700.0,,61707.0,HR,
701.0,31.0,98814.0,Marketing,
702.0,44.0,37296.0,Sales,
703.0,46.0,,Finance,22.0
704.0,56.0,65842.0,Engineering,
705.0,56.0,43261.0,Marketing,12.0
706.0,18.0,106709.0,Sales,2.0
707.0,34.0,86704.0,Sales,15.0
,58.0,97173.0,Sales,8.0
709.0,,61781.0,,27.0
,,43652.0,Finance,13.0
711.0,38.0,35103.0,Finance,12.0
712.0,36.0,55500.0,HR,20.0
713.0,36.0,,Sales,24.0
714.0,42.0,48452.0,Marketing,6.0
715.0,,79393.0,Finance,
,48.0,61174.0,Finance,6.0
717.0,34.0,94450.0,Sales,5.0
718.0,40.0,65436.0,Finance,1.0
719.0,49.0,77406.0,HR,8.0
720.0,27.0,93059.0,HR,21.0
721.0,27.0,45954.0,Finance,23.0
722.0,,112722.0,,16.0
,25.0,42356.0,Sales,
724.0,69.0,32187.0,Sales,11.0
,37.0,107243.0,Engineering,0.0
726.0,49.0,,Finance,9.0
727.0,67.0,,Sales,10.0
,31.0,33606.0,HR,
729.0,67.0,87620.0,Marketing,13.0
730.0,45.0,62828.0,Marketing,7.0
731.0,63.0,56489.0,Sales,
,,44387.0,,16.0
733.0,41.0,99463.0,Marketing,24.0
734.0,32.0,101832.0,Engineering,17.0
,39.0,,HR,11.0
736.0,,78516.0,HR,24.0
737.0,21.0,92061.0,Engineering,16.0
738.0,30.0,96736.0,Engineering,
739.0,40.0,111257.0,Marketing,
740.0,25.0,91753.0,Finance,13.0
741.0,35.0,114774.0,Marketing,15.0
742.0,29.0,,Engineering,13.0
743.0,48.0,60816.0,HR,
744.0,31.0,53408.0,Marketing,
745.0,51.0,,Finance,24.0
,35.0,47413.0,Marketing,22.0
747.0,,89500.0,Sales,10.0
748.0,,114514.0,Marketing,5.0
,58.0,86358.0,Engineering,14.0
750.0,29.0,96197.0,HR,4.0
751.0,66.0,62854.0,HR,10.0
752.0,32.0,106240.0,Engineering,24.0
753.0,,46322.0,Sales,
,66.0,36968.0,,
755.0,46.0,57518.0,Marketing,12.0
756.0,,,,10.0
757.0,35.0,89848.0,Engineering,13.0
,,31700.0,,27.0
759.0,,53199.0,Marketing,
760.0,55.0,74589.0,,26.0
761.0,34.0,62115.0,Finance,27.0
762.0,40.0,91934.0,HR,24.0
763.0,41.0,84316.0,,27.0
764.0,67.0,35520.0,HR,18.0
765.0,,66455.0,Sales,23.0
766.0,58.0,,Finance,26.0
767.0,23.0,71605.0,Engineering,14.0
768.0,22.0,,Sales,8.0
769.0,61.0,74049.0,,7.0
,,43917.0,Engineering,19.0
771.0,45.0,100293.0,Sales,27.0
772.0,,108581.0,Engineering,
773.0,18.0,94925.0,Engineering,3.0
774.0,60.0,100269.0,,
775.0,36.0,60954.0,HR,24.0
776.0,26.0,102617.0,Sales,1.0
777.0,,71458.0,Sales,15.0
778.0,51.0,119037.0,Marketing,2.0
,61.0,51113.0,Marketing,25.0
780.0,,73939.0,Marketing,7.0
781.0,,59345.0,Finance,5.0
782.0,35.0,76313.0,Finance,15.0
783.0,,99166.0,,23.0
784.0,68.0,77861.0,Engineering,15.0
785.0,30.0,,Sales,6.0
786.0,36.0,77221.0,HR,
787.0,66.0,74942.0,Engineering,12.0
,,,,12.0
789.0,65.0,84935.0,Sales,4.0
790.0,,73370.0,Marketing,24.0
,68.0,38328.0,Marketing,
792.0,54.0,45534.0,Engineering,21.0
793.0,34.0,115280.0,Marketing,17.0
,40.0,114925.0,Sales,
795.0,43.0,66320.0,Marketing,17.0
796.0,46.0,79170.0,Finance,1.0
797.0,50.0,110201.0,Marketing,9.0
,,38640.0,Sales,22.0
,,60049.0,Engineering,
800.0,27.0,35618.0,,17.0
801.0,64.0,86053.0,Marketing,14.0
802.0,40.0,31920.0,Sales,11.0
803.0,38.0,73937.0,HR,14.0
804.0,,,HR,12.0
805.0,60.0,,,17.0
806.0,30.0,95774.0,HR,14.0
807.0,54.0,62972.0,Sales,24.0
,,40799.0,Sales,22.0
,41.0,101088.0,Marketing,10.0
810.0,61.0,,,18.0
811.0,,100463.0,Marketing,2.0
812.0,,106700.0,HR,6.0
813.0,,67158.0,,20.0
814.0,,114607.0,Finance,
815.0,42.0,101696.0,Marketing,13.0
816.0,,,,13.0
817.0,,,,21.0
818.0,,91744.0,Engineering,12.0
819.0,37.0,45810.0,,11.0
820.0,36.0,35126.0,Finance,
,36.0,60009.0,Finance,8.0
,,30192.0,Sales,0.0
823.0,54.0,66413.0,HR,18.0
824.0,59.0,42816.0,,10.0
,,69082.0,Finance,22.0
826.0,54.0,95048.0,,21.0
827.0,65.0,80940.0,,22.0
828.0,56.0,,Sales,23.0
829.0,,70142.0,Finance,21.0
830.0,58.0,66468.0,HR,18.0
,52.0,60698.0,HR,17.0
832.0,64.0,,Finance,11.0
833.0,65.0,77897.0,Finance,22.0
834.0,35.0,60075.0,Finance,27.0
835.0,,39359.0,Marketing,27.0
,,72056.0,HR,27.0
837.0,,81831.0,,26.0
,58.0,89191.0,Marketing,0.0
839.0,24.0,63272.0,,18.0
840.0,58.0,44671.0,Sales,
,30.0,57048.0,Finance,26.0
,,106274.0,Finance,19.0
843.0,,,Marketing,28.0
844.0,30.0,73954.0,HR,29.0
,53.0,102309.0,Finance,
,48.0,30717.0,HR,4.0
847.0,,41676.0,Engineering,25.0
848.0,33.0,34434.0,,2.0
849.0,26.0,79810.0,Sales,
850.0,26.0,34994.0,Sales,2.0
